{
	"customName": null,
	"numMaxPotions": -1,
	"numSaveMoney": -1,
	"numRecycling": -1,
	"numForgeRefine": -1,
	"cursedChestNumCurse": -1,
	"numBossCells": -1,
	"startingMoney": -1,
	"mutationLimit": -1,
	"colorless": false,
	"legendary": false,
	"unlimitedAmmo": false,
	"legendariesDisabled": false,
	"forgeUndergroundDisabled": false,
	"perkDisabled": false,
	"chargedObjectDisabled": false,
	"freeObjectDisabled": false,
	"oneShotProtectionDisabled": false,
	"affixesDisabled": false,
	"authorizeDoublons": false,
	"unlockFountain": false,
	"oldShopCategories": false,
	"curseHitOnePercent": false,
	"prctForge": [
		-1,
		-1,
		-1
	],
	"timerPermanent": 0,
	"carriedInfection": -1,
	"hasInfection": true,
	"hasInfectionForEasyDifficulties": false,
	"potionHealInfectionDisabled": false,
	"prctOfInfectedFood": -1,
	"itemsLocked": null,
	"gpEnabled": null,
	"randomSkin": false,
	"randomSkinEveryLevel": false,
	"skinsLocked": null,
	"preset": -1,
	"fixedSeed": -1,
	"forcedLeftWeapon": null,
	"forcedRightWeapon": null,
	"forcedLeftSkill": null,
	"forcedRightSkill": null,
	"useCustomBindings": false,
	"hasLockedTooManyItems": false,
	"randomHead": false,
	"randomHeadEveryLevel": false,
	"headsLocked": null,
	"__uid": 619300,
	"": null
}